Data,Otwarcie,Najwyzszy,Najnizszy,Zamkniecie,Wolumen
2020-03-23,713.635,723.275,683.975,697.245,6392148
2020-03-24,697.72,721.115,684.94,718.94,4828436
2020-03-25,740.15,765.47,721.115,752.21,4325310
2020-03-26,759.445,810.065,753.415,782.345,4240277
2020-03-27,799.22,824.53,781.14,817.3,3660831
2020-03-30,813.665,841.56,796.69,840.34,2598512
2020-03-31,843.985,864.595,810.025,822.155,3446677
2020-04-01,818.515,852.47,800.325,802.75,4377723
2020-04-02,800.325,822.155,785.77,790.625,4103936
2020-04-03,793.055,834.28,793.055,808.815,3444202
2020-04-06,814.88,856.11,813.665,843.985,2832306
2020-04-07,847.62,853.685,816.095,834.28,2662009
2020-04-08,817.3,833.07,810.025,822.155,3502345
2020-04-09,818.515,820.94,778.5,790.625,4232169
2020-04-10,803.97,817.3,779.72,816.095,3054549
2020-04-13,801.545,824.58,795.475,807.605,2620776
2020-04-14,806.39,808.815,786.995,799.115,3458219
2020-04-15,803.97,835.49,793.055,831.85,3472241
2020-04-16,831.85,867.02,829.425,857.32,3859420
2020-04-17,873.085,875.51,828.22,833.07,3896118
2020-04-20,836.7,840.34,818.515,824.58,1678189
2020-04-21,825.79,837.92,808.815,814.88,2170098
2020-04-22,812.45,829.425,802.75,825.79,2640983
2020-04-23,830.65,842.765,813.665,819.73,1663345
2020-04-24,820.94,827.005,813.665,817.3,1608093
2020-04-27,814.88,824.58,806.39,808.815,2089693
2020-04-28,810.025,835.49,805.175,831.85,1928472
2020-04-30,828.22,831.85,791.835,799.115,2965898
2020-05-01,800.325,813.665,793.055,800.325,2518106
2020-05-07,823.365,831.85,801.545,824.58,2838492
2020-05-08,837.92,840.34,808.815,820.94,4240003
2020-05-11,853.685,890.06,841.56,869.44,6628227
2020-05-12,865.81,873.085,840.34,854.895,3925393
2020-05-13,825.79,848.835,813.665,846.405,3285046
2020-05-14,848.835,848.835,825.79,828.22,3118462
2020-05-15,824.58,858.535,824.58,852.47,2624078
2020-05-18,851.26,853.685,837.92,841.56,2388223
2020-05-19,843.985,845.2,825.79,837.92,2511098
2020-05-20,840.34,856.11,836.7,856.11,2141236
2020-05-21,860.955,882.78,859.745,881.575,3009609
2020-05-22,885.215,905.825,885.215,904.61,3153512
2020-05-25,907.035,909.46,887.64,899.765,2391109
2020-05-26,897.335,899.765,886.415,892.485,2278545
2020-05-27,873.085,883.995,869.44,883.995,2844259
2020-05-28,883.995,891.275,877.935,891.275,3173713
2020-05-29,896.12,936.145,894.915,922.805,6270324
2020-06-01,965.24,976.155,951.905,953.11,3724589
2020-06-02,949.485,954.33,933.715,945.845,2622013
2020-06-03,948.265,948.265,924.01,934.93,2519344
2020-06-04,934.93,950.69,931.29,949.485,2149482
2020-06-05,938.565,944.63,925.235,936.145,2113197
2020-06-08,940.99,940.99,911.89,919.165,1955274
2020-06-09,909.46,926.435,904.61,920.375,2562640
2020-06-10,937.355,965.24,932.505,953.11,2823232
2020-06-11,967.665,978.58,955.535,964.03,3034755
2020-06-12,955.535,966.45,942.205,947.055,3119287
2020-06-15,937.355,951.905,930.075,933.715,2829006
2020-06-16,956.755,960.395,936.145,942.205,1928472
2020-06-17,940.99,951.905,932.505,939.78,2226177
2020-06-18,943.415,955.535,933.715,942.205,2420383
2020-06-19,940.99,940.99,924.01,924.01,2975794
2020-06-22,921.59,957.965,911.89,953.11,2799729
2020-06-23,966.45,973.73,938.565,966.45,3202576
2020-06-24,962.82,974.945,955.535,974.945,2375026
2020-06-25,973.73,981.005,964.03,971.31,2051759
2020-06-26,970.085,995.56,964.03,989.5,1974244
2020-06-29,988.28,988.28,959.18,964.03,1545416
2020-06-30,956.755,957.965,942.205,950.69,2230298
2020-07-01,970.085,982.225,948.265,950.69,1915690
2020-07-02,964.03,976.155,942.205,960.395,2749427
2020-07-03,961.6,978.58,954.33,978.58,1568097
2020-07-06,983.43,988.28,964.03,970.085,1557375
2020-07-07,974.945,1004.05,973.73,1004.05,2782413
2020-07-08,1008.9,1016.18,990.7,993.135,2070729
2020-07-09,995.56,1016.18,989.5,1007.68,1992795
2020-07-10,1004.05,1014.96,999.195,1000.4,1940842
2020-07-13,1013.74,1024.66,993.135,1023.45,2621190
2020-07-14,1018.6,1033.16,988.28,995.56,2290912
2020-07-15,1008.9,1010.11,981.005,1010.11,1562324
2020-07-16,999.195,1000.4,956.755,957.965,3363386
2020-07-17,949.485,962.82,942.205,957.965,2083097
2020-07-20,966.45,977.37,960.395,973.73,1768077
2020-07-21,991.925,997.98,982.225,987.07,1796939
2020-07-22,972.515,977.37,964.03,974.945,1617990
2020-07-27,964.03,978.58,964.03,971.31,1296369
2020-07-28,982.225,1001.62,981.005,989.5,2422858
2020-07-29,983.43,997.98,977.37,979.8,1952388
2020-07-30,989.5,1002.84,978.58,990.7,1780859
2020-07-31,984.645,1008.9,979.8,1001.62,3031460
2020-08-03,1030.72,1162.9,1002.84,1094.99,5609354
2020-08-04,1116.82,1188.36,1116.82,1160.48,7089209
2020-08-05,1151.98,1204.14,1149.56,1201.7,4898083
2020-08-06,1211.41,1251.42,1193.22,1244.14,4860975
2020-08-07,1261.12,1299.92,1253.85,1273.24,4712944
2020-08-11,1212.61,1215.04,1178.66,1185.94,7031895
2020-08-12,1161.68,1189.58,1149.56,1171.4,4392155
2020-08-13,1179.88,1200.49,1167.76,1192,3156394
2020-08-14,1202.92,1241.72,1196.86,1224.74,1996506
2020-08-17,1222.32,1251.42,1219.89,1224.74,1774673
2020-08-18,1236.87,1253.85,1224.74,1248.99,1760657
2020-08-19,1239.3,1246.57,1222.32,1232.02,1443156
2020-08-20,1234.44,1236.87,1206.56,1215.04,1863737
2020-08-21,1227.16,1244.14,1215.04,1236.87,1483981
2020-08-24,1236.87,1261.12,1224.74,1256.27,1524800
2020-08-25,1241.72,1244.14,1219.89,1224.74,2057120
2020-08-26,1248.99,1275.68,1241.72,1261.12,2328848
2020-08-27,1263.55,1290.22,1258.7,1270.82,1722717
2020-08-28,1265.97,1275.68,1201.7,1222.32,3327511
2020-08-31,1241.72,1251.42,1224.74,1246.57,1551190
2020-09-01,1258.7,1282.95,1251.42,1280.52,1461715
2020-09-02,1299.92,1338.72,1292.64,1324.18,3119287
2020-09-03,1348.43,1353.27,1304.78,1321.75,1584177
2020-09-04,1285.38,1314.48,1273.24,1302.35,2259165
2020-09-07,1287.8,1299.92,1263.55,1268.4,1566445
2020-09-08,1292.64,1292.64,1239.3,1273.24,2172163
2020-09-09,1253.85,1282.95,1241.72,1275.68,1807658
2020-09-10,1297.51,1333.88,1282.95,1304.78,2415848
2020-09-11,1312.06,1326.6,1285.38,1321.75,1800649
2020-09-14,1346,1358.13,1314.48,1358.13,2306172
2020-09-15,1365.41,1411.48,1360.56,1394.51,2965073
2020-09-16,1409.06,1445.44,1404.21,1443.02,2721388
2020-09-17,1418.76,1455.14,1396.93,1445.44,3585223
2020-09-18,1452.72,1455.14,1372.68,1413.91,5026731
2020-09-23,1428.46,1443.02,1404.21,1433.32,3068157
2020-09-24,1413.91,1430.88,1399.36,1411.48,1893839
2020-09-25,1426.04,1435.74,1404.21,1421.19,2366369
2020-09-28,1438.16,1450.3,1401.78,1440.58,3003007
2020-09-29,1430.86,1462.49,1411.38,1455.19,2637431
2020-09-30,1423.56,1443.02,1406.52,1425.98,3369733
2020-10-02,1460.06,1472.22,1425.98,1433.29,3307269
2020-10-05,1423.56,1457.62,1418.68,1438.16,1595691
2020-10-06,1443.02,1445.46,1399.22,1406.52,2815370
2020-10-07,1430.86,1447.88,1418.68,1440.58,2293883
2020-10-08,1440.58,1491.69,1428.42,1479.52,3545615
2020-10-09,1462.49,1486.82,1450.32,1474.66,2228956
2020-10-12,1496.56,1501.42,1467.36,1494.12,1952799
2020-10-13,1486.82,1494.12,1455.19,1477.08,1910064
2020-10-14,1508.72,1542.79,1498.99,1540.36,2871260
2020-10-15,1516.02,1537.92,1479.52,1491.69,2895093
2020-10-16,1474.66,1513.6,1472.22,1496.56,2518670
2020-10-19,1506.3,1525.76,1491.69,1520.89,1451861
2020-10-20,1516.02,1535.5,1494.12,1513.6,1902256
2020-10-21,1501.42,1508.72,1474.66,1474.66,2323061
2020-10-22,1452.76,1464.92,1438.16,1455.19,2400727
2020-10-23,1450.32,1484.39,1438.16,1469.79,3037280
2020-10-26,1474.66,1477.08,1404.09,1416.26,3809030
2020-10-27,1391.92,1460.06,1377.32,1447.88,3462604
2020-10-28,1443.02,1477.08,1443.02,1467.36,2761537
2020-10-29,1460.06,1503.85,1450.32,1501.42,3949573
2020-10-30,1404.09,1425.98,1355.42,1399.22,8201600
2020-11-02,1399.22,1401.66,1333.52,1374.89,3701363
2020-11-04,1355.42,1357.86,1311.62,1350.56,5080079
2020-11-05,1355.42,1425.98,1355.42,1413.82,3709993
2020-11-06,1418.68,1433.29,1379.76,1389.49,2489081
2020-11-09,1401.66,1472.22,1401.66,1450.32,3302337
2020-11-10,1304.32,1343.26,1272.68,1282.42,7355469
2020-11-11,1141.28,1226.45,1135.2,1204.54,11987617
2020-11-12,1245.92,1279.98,1233.74,1260.52,4531468
2020-11-13,1279.98,1289.72,1250.78,1279.98,3571095
2020-11-16,1284.85,1287.28,1243.48,1253.21,3015911
2020-11-17,1219.15,1241.04,1196.03,1216.71,4245451
2020-11-18,1241.04,1267.81,1216.71,1255.64,4202301
2020-11-19,1243.48,1304.32,1231.31,1299.46,4867211
2020-11-20,1314.05,1321.35,1272.68,1306.76,3258777
2020-11-24,1331.08,1348.12,1321.35,1335.96,4490375
2020-11-25,1331.08,1357.86,1292.15,1321.35,5073090
2020-11-26,1345.68,1396.79,1331.08,1394.35,4113128
2020-11-27,1394.35,1430.86,1384.62,1413.82,4725845
2020-11-30,1447.88,1491.69,1416.26,1430.86,30546628
2020-12-01,1479.52,1489.26,1372.45,1384.62,7145887
2020-12-02,1370.02,1408.96,1345.68,1396.79,4499824
2020-12-03,1445.46,1462.49,1382.19,1394.35,3453565
2020-12-04,1384.62,1430.86,1379.76,1423.56,2875369
2020-12-07,1443.02,1455.19,1425.98,1445.46,3573973
2020-12-08,1469.79,1481.96,1443.02,1481.96,3062756
2020-12-09,1477.08,1494.12,1464.92,1481.96,3351650
2020-12-10,1479.52,1540.36,1472.22,1540.36,3991489
2020-12-11,1550.09,1618.23,1550.09,1615.8,4107373
2020-12-14,1615.8,1620.66,1586.6,1610.93,2952623
2020-12-15,1630.4,1652.3,1598.76,1603.62,3469178
2020-12-16,1606.06,1632.83,1581.72,1613.37,3026595
2020-12-17,1625.53,1671.76,1615.8,1666.9,2715923
2020-12-18,1708.26,1713.13,1647.43,1671.76,5207057
2020-12-21,1657.16,1657.16,1608.5,1623.1,2477985
2020-12-22,1613.37,1630.4,1584.16,1593.9,2080606
2020-12-23,1613.37,1623.1,1586.6,1608.5,2708115
2020-12-24,1593.9,1615.8,1589.03,1615.8,1543913
2020-12-25,1615.8,1615.8,1589.03,1603.62,1078313
2020-12-28,1618.23,1647.43,1608.5,1620.66,1774862
2020-12-29,1603.62,1627.96,1593.9,1615.8,1157217
2020-12-30,1603.62,1635.26,1598.76,1630.4,1437889
2021-01-04,1606.06,1618.23,1591.46,1610.93,1565282
2021-01-05,1610.93,1662.03,1596.33,1654.73,1931430
2021-01-06,1664.46,1683.93,1645,1649.86,1873076
2021-01-07,1625.53,1647.43,1596.33,1606.06,3497538
2021-01-08,1610.93,1630.4,1598.76,1630.4,3213575
2021-01-12,1589.03,1637.7,1574.43,1637.7,2693319
2021-01-13,1666.9,1686.36,1647.43,1686.36,2409358
2021-01-14,1666.9,1725.3,1666.9,1708.26,2420864
2021-01-15,1708.26,1713.13,1657.16,1696.1,2118000
2021-01-18,1683.93,1727.73,1676.64,1727.73,1558705
2021-01-19,1737.46,1749.64,1688.8,1722.87,1826640
2021-01-20,1725.3,1737.46,1676.64,1686.36,2413057
2021-01-21,1671.76,1681.5,1623.1,1671.76,2625515
2021-01-22,1705.84,1737.46,1654.73,1737.46,4998710
2021-01-25,1744.77,1769.1,1730.16,1752.07,2175121
2021-01-26,1759.36,1761.8,1708.26,1708.26,2007455
2021-01-27,1735.03,1778.84,1720.43,1773.96,2618940
2021-01-28,1715.57,1739.9,1662.03,1666.9,6668782
2021-01-29,1679.06,1686.36,1593.9,1603.62,4633382
2021-02-01,1584.16,1637.7,1581.72,1627.96,2386345
2021-02-02,1642.56,1647.43,1598.76,1606.06,2252788
2021-02-03,1630.4,1637.7,1613.37,1630.4,1608431
2021-02-04,1618.23,1627.96,1598.76,1625.53,1438710
2021-02-05,1627.96,1637.7,1601.2,1610.93,1905132
2021-02-08,1613.37,1669.34,1589.03,1664.46,2564284
2021-02-09,1698.54,1722.87,1666.9,1720.43,2213339
2021-02-10,1737.46,1769.1,1727.73,1749.64,2260597
2021-02-12,1715.57,1715.57,1657.16,1674.2,3028237
2021-02-15,1698.54,1698.54,1659.6,1666.9,1858694
2021-02-16,1664.46,1693.66,1654.73,1679.06,1485969
2021-02-17,1666.9,1703.4,1662.03,1700.96,2247859
2021-02-18,1679.06,1679.06,1610.93,1642.56,4192851
2021-02-19,1623.1,1664.46,1618.23,1654.73,1642127
2021-02-22,1657.16,1671.76,1620.66,1630.4,1836505
2021-02-24,1613.37,1620.66,1589.03,1603.62,3715336
2021-02-25,1620.66,1645,1603.62,1606.06,1730070
2021-02-26,1572,1586.6,1564.7,1576.86,3376307
2021-03-01,1625.53,1630.4,1596.33,1618.23,1852120
2021-03-02,1640.14,1642.56,1591.46,1613.37,1665552
2021-03-03,1591.46,1596.33,1572,1591.46,2523600
2021-03-04,1559.84,1581.72,1550.09,1567.13,1903488
2021-03-05,1559.84,1586.6,1547.66,1586.6,2046087
2021-03-08,1603.62,1606.06,1545.22,1552.52,3772457
2021-03-09,1547.66,1598.76,1537.92,1598.76,2953037
2021-03-10,1581.72,1593.9,1564.7,1572,3447401
2021-03-11,1615.8,1652.3,1601.2,1642.56,4439828
2021-03-12,1662.03,1664.46,1635.26,1645,2960432
2021-03-15,1642.56,1642.56,1598.76,1613.37,2395387
2021-03-16,1598.76,1623.1,1596.33,1606.06,3518494
2021-03-17,1591.46,1642.56,1589.03,1627.96,2610308
2021-03-18,1635.26,1647.43,1615.8,1618.23,2497299
2021-03-19,1610.93,1676.64,1601.2,1676.64,3442469
2021-03-22,1683.93,1713.13,1654.73,1696.1,2909886
2021-03-23,1708.26,1773.96,1703.4,1739.9,3375073
2021-03-24,1735.03,1791,1720.43,1742.34,3265353
2021-03-25,1732.6,1759.36,1708.26,1752.07,2477164
2021-03-26,1773.96,1817.76,1761.8,1803.17,2988377
2021-03-29,1820.2,1842.1,1798.3,1817.76,2443056
2021-03-30,1857.07,1857.07,1763.73,1763.73,3174707
2021-03-31,1758.82,1798.12,1729.34,1766.18,1817665
2021-04-01,1817.76,1825.14,1785.84,1793.21,1713042
2021-04-02,1798.12,1803.04,1773.56,1780.92,966435
2021-04-05,1795.66,1817.76,1771.1,1815.31,1393273
2021-04-06,1822.68,1830.05,1785.84,1793.21,1380652
2021-04-07,1805.49,1842.34,1795.66,1837.42,2167766
2021-04-08,1815.31,1849.7,1785.84,1847.24,2156367
2021-04-09,1857.07,1866.9,1842.34,1854.62,1433372
2021-04-12,1849.7,1854.62,1815.31,1822.68,1867128
2021-04-13,1817.76,1837.42,1810.4,1817.76,1054369
2021-04-14,1827.6,1844.79,1815.31,1827.6,2110162
2021-04-15,1805.49,1810.4,1763.73,1763.73,2317575
2021-04-16,1766.18,1790.76,1753.9,1758.82,2289486
2021-04-19,1741.62,1773.56,1721.97,1768.64,2435021
2021-04-20,1753.9,1758.82,1731.8,1741.62,1562418
2021-04-21,1724.42,1753.9,1724.42,1739.16,1606996
2021-04-22,1746.54,1758.82,1719.51,1731.8,1235932
2021-04-23,1734.25,1753.9,1719.51,1744.08,876673
2021-04-26,1741.62,1746.54,1712.14,1731.8,995340
2021-04-27,1731.8,1746.54,1717.06,1719.51,938957
2021-04-28,1699.86,1731.8,1697.4,1709.68,1565270
2021-04-30,1717.06,1756.36,1717.06,1744.08,2066399
2021-05-06,1719.51,1731.8,1663.02,1663.02,3051764
2021-05-07,1665.47,1694.94,1648.28,1650.74,2306787
2021-05-10,1623.71,1655.64,1618.8,1650.74,3020012
2021-05-11,1753.9,1753.9,1650.74,1692.49,5103102
2021-05-12,1699.86,1746.54,1677.76,1726.88,3812417
2021-05-13,1692.49,1694.94,1604.06,1604.06,3890375
2021-05-14,1616.34,1680.22,1616.34,1667.92,1754769
2021-05-17,1648.28,1660.56,1618.8,1638.45,1424415
2021-05-18,1618.8,1667.92,1618.8,1660.56,1855118
2021-05-19,1653.19,1677.76,1621.26,1638.45,2038921
2021-05-20,1636,1643.36,1616.34,1623.71,1476115
2021-05-21,1631.08,1633.54,1611.43,1618.8,3034668
2021-05-24,1621.26,1628.62,1569.67,1594.23,3852719
2021-05-25,1604.06,1645.82,1601.6,1616.34,2644877
2021-05-26,1611.43,1653.19,1611.43,1621.26,2230254
2021-05-27,1611.43,1721.97,1606.52,1721.97,10210074
2021-05-28,1717.06,1753.9,1704.77,1734.25,3167785
2021-05-31,1761.28,1778.46,1746.54,1768.64,2008185
2021-06-01,1766.18,1771.1,1717.06,1726.88,1529445
2021-06-02,1719.51,1746.54,1658.1,1675.3,2596839
2021-06-03,1667.92,1680.22,1643.36,1643.36,1901528
2021-06-04,1618.8,1626.16,1584.4,1584.4,3659350
2021-06-07,1613.88,1643.36,1601.6,1631.08,2159218
2021-06-08,1631.08,1670.39,1623.71,1663.02,1529445
2021-06-09,1628.62,1643.36,1613.88,1618.8,1637529
2021-06-10,1618.8,1640.91,1613.88,1633.54,1487311
2021-06-11,1658.1,1680.22,1648.28,1670.39,1808505
2021-06-14,1670.39,1675.3,1633.54,1650.74,1233692
2021-06-15,1655.64,1660.56,1621.26,1626.16,2085737
2021-06-16,1618.8,1631.08,1591.78,1613.88,2183641
2021-06-17,1613.88,1623.71,1584.4,1589.32,1909873
2021-06-18,1616.34,1623.71,1586.86,1601.6,2313299
2021-06-21,1572.12,1577.04,1525.46,1535.28,2198703
2021-06-22,1584.4,1621.26,1567.21,1581.95,2608849
2021-06-23,1581.95,1591.78,1562.3,1564.76,1342386
2021-06-24,1572.12,1594.23,1567.21,1584.4,1206011
2021-06-25,1586.86,1608.97,1572.12,1599.15,1232473
2021-06-28,1591.78,1591.78,1572.12,1577.04,1085714
2021-06-29,1579.5,1589.32,1564.76,1579.5,2030373
2021-06-30,1564.76,1606.52,1562.3,1596.69,2314114
2021-07-01,1579.5,1584.4,1540.2,1547.56,1934298
2021-07-02,1547.56,1552.48,1523,1542.65,2225978
2021-07-05,1547.56,1552.48,1530.37,1535.28,1507054
2021-07-06,1554.93,1567.21,1545.1,1550.02,857540
2021-07-07,1547.56,1562.3,1540.2,1554.93,1446804
2021-07-08,1535.28,1540.2,1481.24,1481.24,2342610
2021-07-09,1462.08,1505.8,1458.15,1505.8,2950604
2021-07-12,1505.8,1520.54,1493.52,1520.54,1512550
2021-07-13,1520.54,1542.65,1505.8,1530.37,1175476
2021-07-14,1547.56,1550.02,1500.89,1503.34,1755787
2021-07-15,1473.86,1486.15,1469.94,1483.7,2407136
2021-07-16,1476.32,1483.7,1467.48,1476.32,1308191
2021-07-19,1463.06,1508.26,1458.15,1493.52,1799551
2021-07-20,1478.78,1483.7,1460.12,1465.02,1775939
2021-07-21,1476.32,1493.52,1465.02,1493.52,1379432
2021-07-26,1530.37,1530.37,1500.89,1505.8,1525171
2021-07-27,1520.54,1547.56,1505.8,1535.28,1756806
2021-07-28,1510.72,1530.37,1498.44,1505.8,1620634
2021-07-29,1495.98,1527.91,1476.32,1513.17,3165548
2021-07-30,1537.74,1545.1,1451.76,1476.32,4387027
2021-08-02,1513.17,1557.38,1503.34,1552.48,2641824
2021-08-03,1552.48,1552.48,1446.84,1513.17,4891618
2021-08-04,1493.52,1510.72,1455.69,1503.34,1929821
2021-08-05,1508.26,1525.46,1493.52,1500.89,931222
2021-08-06,1491.06,1503.34,1469.45,1481.24,2147003
2021-08-10,1465.51,1498.44,1462.08,1464.04,2612513
2021-08-11,1459.13,1472.4,1444.88,1450.28,1715079
2021-08-12,1460.6,1466.99,1449.8,1452.74,1177921
2021-08-13,1451.26,1451.76,1430.64,1438.98,1598853
2021-08-16,1428.18,1433.09,1410.98,1418.35,1271757
2021-08-17,1408.52,1426.22,1373.16,1375.12,2682736
2021-08-18,1380.52,1411.96,1374.14,1396.24,2271778
2021-08-19,1385.92,1410,1384.45,1389.86,990657
2021-08-20,1393.3,1429.66,1385.92,1393.3,1600483
2021-08-23,1404.6,1451.26,1400.66,1446.84,1551427
2021-08-24,1461.58,1473.86,1456.67,1470.42,1605165
2021-08-25,1466.99,1491.06,1460.12,1491.06,1293737
2021-08-26,1473.86,1486.15,1466.5,1473.86,1184435
2021-08-27,1491.06,1503.34,1476.32,1481.24,1400803
2021-08-30,1495.98,1518.08,1481.24,1513.17,1475708
2021-08-31,1503.34,1520.54,1483.7,1508.26,2618822
2021-09-01,1547.56,1577.04,1530.37,1567.21,2430747
2021-09-02,1591.78,1596.69,1572.12,1581.95,1946307
2021-09-03,1574.58,1604.06,1562.3,1591.78,1503390
2021-09-06,1621.26,1645.82,1618.8,1640.91,1913537
2021-09-07,1658.1,1658.1,1608.97,1616.34,1454336
2021-09-08,1655.64,1658.1,1613.88,1658.1,1873845
2021-09-09,1648.28,1663.02,1636,1640.91,1269314
2021-09-10,1653.19,1690.04,1650.74,1690.04,2140492
2021-09-13,1670.39,1690.04,1655.64,1682.67,1300251
2021-09-14,1697.4,1707.22,1685.12,1707.22,1981929
2021-09-15,1697.4,1719.51,1680.22,1699.86,1359484
2021-09-16,1658.1,1658.1,1628.62,1653.19,1691875
2021-09-17,1663.02,1672.84,1638.45,1665.47,2089603
2021-09-21,1640.91,1650.74,1618.8,1643.36,1159195
2021-09-22,1626.16,1636,1591.78,1591.78,1284376
2021-09-24,1626.16,1645.82,1618.8,1645.82,1847180
2021-09-27,1645.82,1650.74,1623.71,1628.62,1100573
2021-09-28,1623.71,1636,1586.86,1604.06,1075741
2021-09-29,1575.9,1580.84,1543.79,1548.73,1909869
2021-09-30,1541.32,1563.55,1531.44,1533.91,1987398
2021-10-01,1504.27,1533.91,1501.8,1501.8,1803191
2021-10-04,1491.92,1504.27,1427.7,1432.14,2464308
2021-10-05,1401.02,1409.92,1371.38,1386.69,4426605
2021-10-06,1378.79,1403,1370.88,1395.09,3293841
2021-10-07,1415.34,1456.84,1410.9,1432.64,2598719
2021-10-08,1448.94,1468.2,1433.13,1450.42,2455200
2021-10-11,1447.46,1494.39,1430.16,1491.92,1504818
2021-10-12,1484.51,1496.86,1463.26,1480.56,1852178
2021-10-13,1481.54,1506.74,1477.6,1479.56,1499961
2021-10-14,1486.98,1536.38,1484.51,1516.62,1610079
2021-10-15,1541.32,1580.84,1526.5,1573.43,1841044
2021-10-18,1573.43,1590.72,1553.67,1588.26,1496115
2021-10-19,1595.66,1610.48,1593.2,1605.54,1005035
2021-10-20,1605.54,1625.3,1588.26,1605.54,2141441
2021-10-21,1593.2,1622.83,1590.72,1612.95,2207229
2021-10-22,1617.89,1669.76,1610.48,1667.29,1974644
2021-10-25,1647.54,1682.11,1637.66,1679.64,1700765
2021-10-26,1689.52,1714.22,1682.11,1711.76,1683154
2021-10-27,1706.82,1709.28,1627.77,1630.24,2574022
2021-10-28,1657.42,1677.17,1640.12,1669.76,6075754
2021-10-29,1531.44,1556.14,1499.33,1511.68,6937876
2021-11-01,1538.85,1546.26,1496.86,1521.56,3354164
2021-11-02,1509.21,1531.44,1501.8,1516.62,2184154
2021-11-04,1538.85,1546.26,1482.04,1489.45,2419572
2021-11-05,1489.45,1521.56,1489.45,1521.56,1659471
2021-11-08,1521.56,1580.84,1519.09,1568.49,2308442
2021-11-09,1590.72,1625.3,1590.72,1600.6,2365931
2021-11-10,1593.2,1608.01,1566.02,1566.02,1822018
2021-11-11,1543.79,1556.14,1526.5,1546.26,1948533
2021-11-12,1580.84,1600.6,1575.9,1588.26,1815337
2021-11-15,1632.72,1652.48,1625.3,1632.72,1911893
2021-11-16,1612.95,1659.88,1593.2,1647.54,2136988
2021-11-17,1637.66,1654.94,1578.37,1580.84,2135571
2021-11-18,1566.02,1570.96,1528.96,1536.38,2040837
2021-11-19,1531.44,1538.85,1486.98,1511.68,3312465
2021-11-22,1489.45,1519.09,1489.45,1506.74,1717970
2021-11-24,1454.87,1465.74,1433.13,1444.49,3865487
2021-11-25,1463.76,1484.51,1444.49,1459.8,3322180
2021-11-26,1456.35,1468.2,1436.1,1441.04,3513270
2021-11-29,1432.64,1496.86,1423.74,1444.99,3758606
2021-11-30,1448.44,1464.26,1393.12,1397.56,11163072
2021-12-01,1382.25,1411.4,1348.66,1403.98,4237542
2021-12-02,1408.92,1438.07,1391.14,1403.49,3880060
2021-12-03,1371.38,1390.15,1342.24,1376.81,3613470
2021-12-06,1378.79,1382.25,1342.72,1364.46,2490622
2021-12-07,1384.22,1388.18,1363.97,1379.28,2108649
2021-12-08,1420.28,1428.19,1405.46,1415.84,2775030
2021-12-09,1419.3,1426.22,1400.52,1400.52,1918574
2021-12-10,1382.25,1395.09,1368.42,1373.36,2326661
2021-12-13,1383.24,1384.72,1360.52,1371.38,2103387
2021-12-14,1375.33,1376.32,1352.12,1354.08,2579286
2021-12-15,1351.12,1363.97,1319.51,1324.45,2806607
2021-12-16,1349.15,1350.14,1332.85,1334.33,3562458
2021-12-17,1321.98,1332.35,1304.2,1311.11,4697247
2021-12-20,1323.95,1360.52,1321.98,1333.34,2446495
2021-12-21,1334.33,1358.54,1328.4,1347.66,1643276
2021-12-22,1358.54,1390.64,1356.06,1376.32,2789603
2021-12-23,1369.4,1379.28,1364.46,1371.88,1574858
2021-12-24,1378.3,1382.74,1344.7,1352.12,1070620
2021-12-27,1362.48,1363.97,1327.41,1332.35,1104628
2021-12-28,1343.72,1356.06,1336.8,1355.08,1104221
2021-12-29,1336.3,1350.14,1334.33,1347.18,1214139
2021-12-30,1348.16,1355.08,1332.85,1337.78,1076693
2022-01-04,1368.42,1375.82,1351.62,1372.37,1546924
2022-01-05,1372.37,1376.81,1332.35,1332.85,1844689
2022-01-06,1309.62,1323.95,1291.35,1302.71,2224841
2022-01-07,1307.16,1312.1,1259.73,1272.08,2495482
2022-01-11,1296.79,1296.79,1250.84,1253.31,1959464
2022-01-12,1278.01,1284.44,1264.67,1277.02,1982134
2022-01-13,1264.18,1271.59,1243.92,1243.92,1472430
2022-01-14,1235.04,1242.44,1196.01,1206.38,2932514
2022-01-17,1210.33,1235.04,1206.38,1223.18,2208849
2022-01-18,1231.58,1236.52,1209.84,1222.19,1996506
2022-01-19,1285.92,1318.52,1275.05,1278.01,8252620
2022-01-20,1299.74,1339.76,1293.32,1302.71,5609369
2022-01-21,1287.89,1299.74,1271.1,1286.9,3694642
2022-01-24,1259.73,1286.9,1236.52,1285.92,2513295
2022-01-25,1301.72,1304.2,1271.1,1280.48,3404769
2022-01-26,1285.42,1336.3,1282.95,1321.48,3933096
2022-01-27,1272.08,1323.46,1265.66,1300.73,10324428
2022-01-28,1348.66,1370.88,1340.26,1351.62,6862373
2022-01-31,1351.62,1373.36,1347.18,1359.02,4082282
2022-02-01,1382.25,1407.44,1370.88,1371.88,3272789
2022-02-02,1384.22,1419.3,1369.9,1417.82,2437792
2022-02-03,1368.42,1390.15,1363.97,1363.97,3359021
2022-02-04,1366.44,1409.92,1363.48,1404.98,2610054
2022-02-07,1454.38,1454.87,1422.76,1429.18,4122159
2022-02-08,1419.8,1425.22,1400.52,1401.02,1957641
2022-02-09,1414.86,1416.82,1378.79,1406.94,1943472
2022-02-10,1420.78,1430.16,1394.1,1400.52,1396724
2022-02-14,1371.38,1380.76,1361.5,1367.92,1952378
2022-02-15,1389.16,1427.7,1387.19,1421.77,2335567
2022-02-16,1428.19,1429.18,1402.01,1419.8,2016142
2022-02-17,1412.38,1425.22,1373.36,1378.3,1803394
2022-02-18,1365.94,1383.24,1359.52,1378.79,1557854
2022-02-21,1362.48,1412.38,1360.52,1392.62,2194073
2022-02-22,1356.06,1359.02,1314.57,1324.94,4924366
2022-02-24,1324.94,1345.2,1312.1,1339.27,2188404
2022-02-25,1363.97,1380.27,1357.06,1374.34,1530324
2022-02-28,1352.6,1382.25,1345.2,1370.88,1565344
2022-03-01,1389.16,1410.4,1378.79,1403.98,1444902
2022-03-02,1405.46,1415.34,1381.26,1389.16,1325471
2022-03-03,1384.72,1384.72,1363.48,1369.9,1516357
2022-03-04,1368.42,1373.85,1341.24,1357.06,1786998
2022-03-07,1336.3,1345.2,1320.5,1332.85,1640443
2022-03-08,1291.84,1329.39,1280.97,1296.29,2832316
2022-03-09,1320.99,1327.91,1303.7,1323.46,1565545
2022-03-10,1355.08,1371.88,1337.29,1368.42,1770803
2022-03-11,1353.1,1363.97,1328.4,1352.12,1919383
2022-03-14,1356.56,1387.68,1355.58,1366.94,1504009
2022-03-15,1347.18,1356.56,1335.32,1356.06,1594899
2022-03-16,1368.42,1375.82,1355.08,1358.04,1909667
2022-03-17,1398.06,1425.22,1378.79,1423.74,2464106
2022-03-18,1423.74,1446.47,1417.32,1440.54,3079272
2022-03-22,1452.89,1460.3,1440.05,1444.99,1899749
2022-03-23,1472.16,1499.33,1459.8,1496.86,1542875
2022-03-24,1486.98,1486.98,1447.95,1486.98,1410084
2022-03-25,1486.98,1491.92,1472.16,1484.51,945725
2022-03-28,1479.08,1504.27,1471.66,1499.33,947546
2022-03-29,1509.21,1509.21,1486.98,1506.74,984387
2022-03-30,1540.53,1543.02,1505.74,1515.68,1331735
2022-03-31,1503.26,1503.26,1474.94,1474.94,1466559
2022-04-01,1493.32,1552.96,1467.98,1528.11,2500273
2022-04-04,1530.59,1560.41,1530.59,1552.96,1172361
2022-04-05,1545.5,1562.9,1528.11,1562.9,1482053
2022-04-06,1550.47,1592.71,1545.5,1580.28,2139067
2022-04-07,1557.92,1572.84,1535.56,1560.41,1655110
2022-04-08,1582.77,1592.71,1560.41,1585.26,1347833
2022-04-11,1580.28,1582.77,1545.5,1555.44,1513847
2022-04-12,1555.44,1570.35,1540.53,1552.96,962882
2022-04-13,1538.04,1552.96,1525.62,1535.56,1275994
2022-04-14,1547.98,1547.98,1525.62,1533.08,807533
2022-04-15,1510.72,1552.96,1505.74,1550.47,707522
2022-04-18,1523.14,1535.56,1487.86,1490.84,867499
2022-04-19,1490.84,1505.74,1479.9,1485.37,1471589
2022-04-20,1486.86,1493.32,1456.54,1458.54,1642030
2022-04-21,1464.5,1493.32,1454.56,1480.9,1636799
2022-04-22,1453.56,1483.38,1451.58,1473.44,2425014
2022-04-25,1448.6,1530.59,1447.6,1525.62,2399860
2022-04-26,1540.53,1570.35,1513.2,1562.9,2215333
2022-04-27,1547.98,1674.7,1543.02,1672.22,6452417
2022-04-28,1707.01,1744.28,1669.74,1707.01,6607162
2022-05-02,1709.5,1719.43,1674.7,1699.56,1739023
2022-05-06,1729.37,1746.76,1692.1,1734.34,2316551
2022-05-09,1709.5,1719.43,1674.7,1682.16,1562344
2022-05-10,1657.32,1657.32,1612.59,1652.34,1625932
2022-05-11,1617.56,1684.64,1607.62,1669.74,1755725
2022-05-12,1786.52,1828.76,1704.52,1716.94,4503913
2022-05-13,1714.46,1803.91,1714.46,1761.67,2288983
2022-05-16,1779.06,1779.06,1714.46,1724.4,1703204
2022-05-17,1746.76,1811.36,1746.76,1798.94,2058374
2022-05-18,1786.52,1826.28,1781.55,1816.34,1672617
2022-05-19,1801.43,1836.22,1789,1796.46,2506713
2022-05-20,1774.1,1798.94,1734.34,1749.25,3215241
2022-05-23,1781.55,1786.52,1759.18,1776.58,1900610
2022-05-24,1756.7,1796.46,1749.25,1784.04,1483663
2022-05-25,1766.64,1774.1,1736.82,1744.28,2399860
2022-05-26,1739.31,1756.7,1716.94,1739.31,1559728
2022-05-27,1764.16,1786.52,1741.8,1761.67,2041672
2022-05-30,1793.98,1811.36,1776.58,1808.88,2273086
2022-05-31,1798.94,1823.79,1786.52,1818.82,4730095
2022-06-01,1831.24,1858.58,1813.85,1838.7,1508012
2022-06-02,1843.67,1846.16,1798.94,1806.4,1015000
2022-06-03,1779.06,1784.04,1692.1,1697.07,3796190
2022-06-06,1667.25,1711.98,1667.25,1699.56,2013299
2022-06-07,1721.92,1721.92,1684.64,1697.07,1547453
2022-06-08,1709.5,1731.86,1707.01,1726.88,1297928
2022-06-09,1726.88,1759.18,1721.92,1751.74,1224077
2022-06-10,1736.82,1751.74,1709.5,1739.31,1323887
2022-06-13,1707.01,1716.94,1672.22,1684.64,1107566
2022-06-14,1634.95,1644.89,1595.2,1632.46,1557313
2022-06-15,1627.5,1629.98,1580.28,1597.68,1316442
2022-06-16,1629.98,1639.92,1595.2,1607.62,1123261
2022-06-17,1572.84,1575.32,1498.29,1545.5,3184654
2022-06-20,1555.44,1565.38,1530.59,1552.96,1286660
2022-06-21,1562.9,1592.71,1555.44,1592.71,1256274
2022-06-22,1605.14,1607.62,1567.86,1582.77,1068728
2022-06-23,1585.26,1600.16,1570.35,1577.8,1294709
2022-06-24,1629.98,1659.8,1610.1,1652.34,1896384
2022-06-27,1637.44,1649.86,1602.65,1634.95,1397939
2022-06-28,1634.95,1669.74,1632.46,1654.83,1214016
2022-06-29,1605.14,1652.34,1600.16,1649.86,2349754
2022-06-30,1654.83,1657.32,1629.98,1637.44,1608626
2022-07-01,1632.46,1654.83,1622.52,1642.4,1701997
2022-07-04,1634.95,1694.58,1634.95,1694.58,1876060
2022-07-05,1719.43,1776.58,1709.5,1766.64,3458527
2022-07-06,1801.43,1836.22,1779.06,1836.22,3860583
2022-07-07,1833.73,1858.58,1806.4,1828.76,2706131
2022-07-08,1843.67,1856.09,1808.88,1823.79,1826759
2022-07-11,1828.76,1833.73,1779.06,1791.49,1954338
2022-07-12,1764.16,1806.4,1754.22,1784.04,1995590
2022-07-13,1779.06,1798.94,1769.12,1776.58,1060679
2022-07-14,1774.1,1811.36,1761.67,1774.1,1655915
2022-07-15,1769.12,1806.4,1769.12,1776.58,1681270
2022-07-19,1781.55,1796.46,1734.34,1784.04,1626938
2022-07-20,1821.3,1856.09,1816.34,1828.76,1514049
2022-07-21,1833.73,1848.64,1796.46,1836.22,1426916
2022-07-22,1846.16,1888.4,1841.18,1885.91,1749487
2022-07-25,1890.88,1928.15,1883.42,1903.3,1482858
2022-07-26,1900.82,1930.64,1875.97,1915.72,2716394
2022-07-27,1811.36,1913.24,1796.46,1903.3,6414787
2022-07-28,1868.52,1873.48,1811.36,1873.48,3450679
2022-07-29,1838.7,1871,1826.28,1833.73,2448356
2022-08-01,1806.4,1843.67,1793.98,1836.22,1962388
2022-08-02,1836.22,1866.03,1816.34,1848.64,2404086
2022-08-03,1856.09,1898.33,1853.6,1873.48,2155366
2022-08-04,1871,1871,1818.82,1818.82,1629353
2022-08-05,1821.3,1858.58,1808.88,1848.64,1552886
2022-08-08,1836.22,1841.18,1774.1,1781.55,1812472
2022-08-09,1789,1838.7,1789,1813.85,1373188
2022-08-10,1808.88,1818.82,1769.12,1776.58,1510427
2022-08-12,1764.16,1826.28,1754.22,1793.98,2297837
2022-08-15,1813.85,1818.82,1793.98,1818.82,807533
2022-08-16,1826.28,1868.52,1821.3,1851.12,1285855
2022-08-17,1861.06,1873.48,1828.76,1843.67,1784300
2022-08-18,1828.76,1905.78,1808.88,1903.3,2175087
2022-08-19,1935.6,1938.09,1883.42,1900.82,2006256
2022-08-22,1888.4,1930.64,1888.4,1913.24,1160690
2022-08-23,1910.76,1910.76,1875.97,1890.88,1552886
2022-08-24,1895.84,1895.84,1843.67,1843.67,1346626
2022-08-25,1846.16,1863.54,1823.79,1856.09,1236755
2022-08-26,1866.03,1878.46,1823.79,1823.79,1181215
2022-08-29,1801.43,1836.22,1791.49,1831.24,1666580
2022-08-30,1841.18,1885.91,1836.22,1885.91,2075881
2022-08-31,1853.6,1898.33,1833.73,1893.36,1925965
2022-09-01,1858.58,1863.54,1838.7,1838.7,2039257
2022-09-02,1826.28,1831.24,1786.52,1808.88,2102644
2022-09-05,1803.91,1846.16,1796.46,1831.24,938533
2022-09-06,1853.6,1853.6,1813.85,1813.85,1081607
2022-09-07,1779.06,1828.76,1756.7,1816.34,2182935
2022-09-08,1808.88,1846.16,1801.43,1838.7,1956753
2022-09-09,1841.18,1908.27,1836.22,1898.33,2489407
2022-09-12,1908.27,1908.27,1856.09,1863.54,1634384
2022-09-13,1890.88,1903.3,1873.48,1880.94,1460119
2022-09-14,1833.73,1846.16,1806.4,1831.24,1760152
2022-09-15,1831.24,1841.18,1806.4,1816.34,1371780
2022-09-16,1801.43,1833.73,1798.94,1821.3,1968022
2022-09-20,1816.34,1843.67,1793.98,1841.18,1776854
2022-09-21,1856.09,1858.58,1796.46,1803.91,2135243
2022-09-22,1789,1821.3,1771.61,1811.36,1314228
2022-09-26,1803.91,1823.79,1791.49,1793.98,1480443
2022-09-27,1803.91,1880.94,1793.98,1868.52,2382353
2022-09-28,1848.64,1878.46,1823.79,1871,2895890
2022-09-29,1880,1910,1860,1900,1825400
2022-09-30,1890,1900,1795,1820,2711000
2022-10-03,1800,1810,1750,1800,1688000
2022-10-04,1805,1872.5,1805,1872.5,1653400
2022-10-05,1875,1905,1850,1870,1768200
2022-10-06,1887.5,1905,1875,1880,1276400
2022-10-07,1862.5,1910,1850,1905,1948800
2022-10-11,1882.5,1907.5,1865,1870,1346400
2022-10-12,1860,1860,1782.5,1795,2018000
2022-10-13,1802.5,1810,1750,1757.5,1905000
2022-10-14,1792.5,1820,1775,1815,1654200
2022-10-17,1792.5,1830,1780,1822.5,1436400
2022-10-18,1840,1865,1832.5,1862.5,1415400
2022-10-19,1857.5,1872.5,1842.5,1850,1020400
2022-10-20,1832.5,1877.5,1822.5,1872.5,1561200
2022-10-21,1875,1902.5,1872.5,1875,1513600
2022-10-24,1882.5,1897.5,1867.5,1875,1085000
2022-10-25,1870,1870,1827.5,1865,1890000
2022-10-26,1887.5,1912.5,1877.5,1902.5,2039800
2022-10-27,1977.5,2067.5,1952.5,2052.5,7224400
2022-10-28,2077.5,2150,2047.5,2052.5,5456600
2022-10-31,2062.5,2100,2045,2072.5,2209000
2022-11-01,2087.5,2140,2075,2135,1692000
2022-11-02,2130,2157.5,2092.5,2132.5,2228200
2022-11-04,2132.5,2142.5,2087.5,2097.5,2030000
2022-11-07,2100,2142.5,2097.5,2112.5,1100400
2022-11-08,2112.5,2185,2112.5,2167.5,1643400
2022-11-09,2167.5,2175,2117.5,2132.5,2301200
2022-11-10,2145,2182.5,2127.5,2172.5,1687200
2022-11-11,2205,2220,2185,2207.5,1359400
2022-11-14,2197.5,2212.5,2175,2187.5,1536000
2022-11-15,2205,2205,2137.5,2150,2269000
2022-11-16,2160,2187.5,2137.5,2172.5,1464200
2022-11-17,2207.5,2215,2170,2200,1098000
2022-11-18,2205,2237.5,2187.5,2232.5,1538200
2022-11-21,2250,2255,2185,2200,1490600
2022-11-22,2220,2227.5,2172.5,2177.5,2040000
2022-11-24,2200,2220,2187.5,2187.5,1608800
2022-11-25,2195,2195,2155,2180,1272600
2022-11-28,2185,2185,2147.5,2170,1321000
2022-11-29,2147.5,2150,2120,2140,1980400
2022-11-30,2122.5,2130,2067.5,2087.5,4684000
2022-12-01,2092.5,2107.5,2067.5,2107.5,2148800
2022-12-02,2125,2125,2080,2112.5,1657600
2022-12-05,2102.5,2110,2060,2077.5,1961800
2022-12-06,2080,2107.5,2065,2097.5,1340400
2022-12-07,2087.5,2152.5,2075,2142.5,2230200
2022-12-08,2142.5,2152.5,2102.5,2127.5,1461800
2022-12-09,2162.5,2215,2145,2187.5,1632600
2022-12-12,2167.5,2200,2160,2185,1076200
2022-12-13,2200,2210,2160,2160,1306800
2022-12-14,2160,2180,2152.5,2177.5,1001600
2022-12-15,2197.5,2197.5,2157.5,2162.5,1261800
2022-12-16,2162.5,2165,2125,2140,1813200
2022-12-19,2120,2145,2115,2125,975600
2022-12-20,2125,2137.5,2075,2092.5,1417400
2022-12-21,2085,2140,2067.5,2107.5,1479000
2022-12-22,2120,2147.5,2105,2135,1105000
2022-12-23,2127.5,2135,2082.5,2090,954600
2022-12-26,2085,2115,2080,2112.5,571400
2022-12-27,2112.5,2140,2107.5,2127.5,680400
2022-12-28,2135,2142.5,2090,2090,803600
2022-12-29,2100,2137.5,2100,2137.5,954200
2022-12-30,2137.5,2150,2100,2105,750000
2023-01-04,2132.5,2137.5,2105,2125,1586800
2023-01-05,2090,2112.5,2042.5,2060,1256200
2023-01-06,2052.5,2062.5,2002.5,2027.5,1630800
2023-01-10,2027.5,2065,2025,2040,1136800
2023-01-11,2017.5,2070,2015,2065,1004600
2023-01-12,2055,2075,2035,2040,872200
2023-01-13,2045,2062.5,2000,2005,1568600
2023-01-16,1997.5,2035,1987.5,2007.5,828600
2023-01-17,2057.5,2085,2032.5,2037.5,1477800
2023-01-18,2030,2095,2027.5,2072.5,1485200
2023-01-19,2040,2092.5,2025,2062.5,1304000
2023-01-20,2040,2052.5,2015,2025,1411000
2023-01-23,2030,2067.5,2030,2057.5,1430600
2023-01-24,2067.5,2095,2060,2092.5,1343800
2023-01-25,2115,2117.5,2085,2112.5,870200
2023-01-26,2110,2115,2090,2100,948800
2023-01-27,2112.5,2115,2065,2077.5,1011200
2023-01-30,2042.5,2115,2040,2107.5,1952200
2023-01-31,2080,2142.5,2060,2100,3580600
2023-02-01,2100,2165,2075,2080,1700600
2023-02-02,2112.5,2142.5,2105,2135,1423200
2023-02-03,2110,2127.5,2092.5,2127.5,1563600
2023-02-06,2140,2147.5,2072.5,2092.5,1405000
2023-02-07,2105,2127.5,2087.5,2092.5,1135800
2023-02-08,2102.5,2115,2087.5,2102.5,1177800
2023-02-09,2072.5,2120,2070,2115,928200
2023-02-10,2110,2192.5,2102.5,2145,1597200
2023-02-13,2150,2155,2102.5,2120,929600
2023-02-14,2155,2205,2152.5,2202.5,1463200
2023-02-15,2217.5,2227.5,2182.5,2192.5,1379400
2023-02-16,2205,2257.5,2205,2255,1193400
2023-02-17,2225,2290,2220,2270,1442200
2023-02-20,2265,2277.5,2237.5,2245,1018400
2023-02-21,2265,2300,2247.5,2252.5,1711800
2023-02-22,2242.5,2252.5,2182.5,2220,1651000
2023-02-24,2185,2200,2157.5,2190,1407800
2023-02-27,2157.5,2160,2120,2132.5,1269000
2023-02-28,2142.5,2162.5,2132.5,2142.5,1502600
2023-03-01,2132.5,2157.5,2120,2157.5,976400
2023-03-02,2157.5,2180,2152.5,2177.5,1014800
2023-03-03,2180,2182.5,2137.5,2167.5,1454600
2023-03-06,2185,2222.5,2180,2192.5,1122400
2023-03-07,2187.5,2210,2185,2200,940800
2023-03-08,2230,2240,2200,2212.5,1232800
2023-03-09,2235,2237.5,2217.5,2230,922600
2023-03-10,2202.5,2220,2185,2197.5,1198200
2023-03-13,2187.5,2215,2170,2212.5,786000
2023-03-14,2197.5,2200,2150,2185,1369400
2023-03-15,2192.5,2202.5,2157.5,2167.5,1000800
2023-03-16,2135,2247.5,2132.5,2242.5,1917000
2023-03-17,2222.5,2315,2220,2310,2446800
2023-03-20,2335,2347.5,2282.5,2290,1897600
2023-03-22,2325,2350,2305,2342.5,1982200
2023-03-23,2345,2365,2322.5,2357.5,1692600
2023-03-24,2372.5,2372.5,2332.5,2365,1334000
2023-03-27,2380,2382.5,2340,2342.5,1410400
2023-03-28,2345,2370,2305,2332.5,1381000
2023-03-29,2345,2390,2310,2385,1837400
2023-03-30,2382.5,2397.5,2327.5,2357.5,2032600
2023-03-31,2355,2382.5,2350,2367.5,1514400
2023-04-03,2390,2432.5,2380,2420,1359000
2023-04-04,2395,2407.5,2357.5,2377.5,2074000
2023-04-05,2392.5,2400,2352.5,2367.5,1686600
2023-04-06,2340,2352.5,2297.5,2315,2071000
2023-04-07,2317.5,2335,2307.5,2315,830600
2023-04-10,2335,2372.5,2320,2362.5,907800
2023-04-11,2385,2392.5,2337.5,2342.5,982800
2023-04-12,2342.5,2355,2335,2345,1285400
2023-04-13,2355,2380,2347.5,2370,983000
2023-04-14,2377.5,2407.5,2367.5,2395,1167400
2023-04-17,2385,2390,2342.5,2357.5,1144600
2023-04-18,2322.5,2660,2322.5,2570,8813400
2023-04-19,2520,2560,2455,2540,6043400
2023-04-20,2467.5,2485,2435,2475,2887600
2023-04-21,2505,2510,2470,2470,1515200
2023-04-24,2460,2482.5,2452.5,2455,1269600
2023-04-25,2462.5,2520,2455,2497.5,1686200
2023-04-26,2490,2505,2465,2500,1337000
2023-04-27,2500,2530,2490,2530,1281800
2023-04-28,2530,2565,2530,2555,1865400
2023-05-01,2575,2595,2535,2560,1253400
2023-05-02,2590,2610,2575,2590,1133000
2023-05-08,2665,2685,2605,2610,2329400
2023-05-09,2615,2670,2615,2665,2134400
2023-05-10,2690,2695,2620,2635,2178600
2023-05-11,2565,2615,2515,2610,4091400
2023-05-12,2645,2705,2635,2680,2311400
2023-05-15,2645,2665,2585,2615,3492200
2023-05-16,2645,2690,2630,2680,1914800
2023-05-17,2650,2685,2640,2675,2169600
2023-05-18,2705,2740,2685,2720,2174800
2023-05-19,2725,2795,2715,2795,2900800
2023-05-22,2790,2815,2775,2810,1948600
2023-05-23,2825,2840,2790,2795,1897000
2023-05-24,2745,2805,2745,2790,1424000
2023-05-25,2765,2785,2705,2715,1743600
2023-05-26,2715,2755,2700,2735,1297200
2023-05-29,2760,2765,2700,2715,1118800
2023-05-30,2700,2710,2660,2690,1212200
2023-05-31,2695,2735,2680,2720,2205400
2023-06-01,2745,2815,2735,2800,1854800
2023-06-02,2805,2885,2805,2855,2148400
2023-06-05,2881.5,2900,2837.5,2898,1959400
2023-06-06,2892,2999,2846.5,2988,3036800
2023-06-07,2988,3031.5,2907,2913.5,3786600
2023-06-08,2813.5,2842,2727,2732.5,5496000
2023-06-09,2772.5,2818.5,2756,2806.5,3267400
2023-06-12,2848.5,2898,2815.5,2847.5,2452000
2023-06-13,2807,2841,2776,2822,3416400
2023-06-14,2827,2828,2742,2775.5,2869800
2023-06-15,2775,2831,2763.5,2766,3079200
2023-06-16,2798.5,2830,2735.5,2819.5,5095800
2023-06-19,2820,2845.5,2790.5,2804,1847000
2023-06-20,2766,2780.5,2737,2768.5,2069000
2023-06-21,2745,2815.5,2740,2789,1661600
2023-06-22,2762.5,2799,2759,2775.5,1530200
2023-06-23,2797,2797,2703.5,2724.5,1612600
2023-06-26,2715.5,2728,2678,2718,1349200
2023-06-27,2694.5,2760.5,2678.5,2748.5,1861600
2023-06-28,2758.5,2833,2755,2827,1746800
2023-06-29,2826,2857.5,2810,2827.5,1288200
2023-06-30,2836,2864,2815,2847.5,1995000
2023-07-03,2872.5,2890.5,2864,2872.5,1717400
2023-07-04,2858.5,2863.5,2831,2834.5,1199400
2023-07-05,2810,2859.5,2802.5,2853.5,1020400
2023-07-06,2824,2841,2811.5,2827,1053200
2023-07-07,2807.5,2856,2790,2796,1800800
2023-07-10,2799,2809,2767.5,2778.5,1403000
2023-07-11,2798,2822,2774.5,2785.5,1081600
2023-07-12,2783,2796.5,2756,2765,923400
2023-07-13,2777.5,2820.5,2761,2820.5,1206800
2023-07-14,2821,2854.5,2805,2836.5,1085200
2023-07-18,2869,2882.5,2852.5,2879.5,1251400
2023-07-19,2898.5,2915,2880,2911,1423400
2023-07-20,2889.5,2895.5,2850.5,2866,1195600
2023-07-21,2834,2862,2816.5,2843,1139200
2023-07-24,2868,2892,2845.5,2892,1245400
2023-07-25,2844.5,2875,2819,2841.5,1970000
2023-07-26,2838.5,2879.5,2818,2832,1927600
2023-07-27,3040,3289,3035,3260,14600000
2023-07-28,3160,3160,2991,3064.5,10481600
2023-07-31,3100.5,3216.5,3076.5,3200,5224600
2023-08-01,3195,3209,3134.5,3191.5,3068000
2023-08-02,3148.5,3174,3091,3104,2162800
2023-08-03,3091.5,3122.5,3067.5,3082.5,2124600
2023-08-04,3072.5,3088.5,3006,3084.5,1531400
2023-08-07,3090,3111.5,3059,3103,1204800
2023-08-08,3129,3129,3079.5,3086,1104600
2023-08-09,3061,3090,3030,3030,1427200
2023-08-10,3025,3032,2987.5,3009.5,1991000
2023-08-14,3046,3053.5,2983,3003,1366800
2023-08-15,3049,3065,3028.5,3056.5,1015600
2023-08-16,3045,3051.5,3010.5,3021,1156800
2023-08-17,3004.5,3016,2962,2978.5,1153200
2023-08-18,2930.5,2939,2877,2897,1686600
2023-08-21,2908.5,2932,2886.5,2916.5,1628600
2023-08-22,3005,3016,2961,2980.5,1417800
2023-08-23,2995,3049,2988,3043,1411200
2023-08-24,3065,3069,3015,3017.5,1173200
2023-08-25,2955,2970,2940,2952.5,1397200
2023-08-28,2983,3011,2964.5,2999.5,1116000
2023-08-29,3007,3059,3000.5,3027,1593800
2023-08-30,3071.5,3111,3035.5,3047,1634400
2023-08-31,3074.5,3082,3030.5,3071.5,1828000
2023-09-01,3071.5,3137.5,3062.5,3114,1395000
2023-09-04,3117.5,3144.5,3095.5,3143.5,1346400
2023-09-05,3129,3153.5,3097.5,3111,1260800
2023-09-06,3128.5,3131.5,3073,3124,1152000
2023-09-07,3110,3120,3084.5,3101.5,1007800
2023-09-08,3072,3094,3030.5,3056,1654800
2023-09-11,3074,3082.5,3010.5,3033.5,990200
2023-09-12,3050,3072,3024,3052.5,1126400
2023-09-13,3032.5,3052.5,2904,2904,2935800
2023-09-14,2927.5,2959,2868.5,2911.5,3693400
2023-09-15,2912,2926,2775.5,2819.5,5844000
2023-09-19,2782.5,2825.5,2757.5,2818.5,3512400
2023-09-20,2770,2783,2685.5,2689,4722400
2023-09-21,2655,2665.5,2595.5,2617,4028000
2023-09-22,2614.5,2702,2605,2636.5,3523800
2023-09-25,2670,2807.5,2670,2802.5,6128000
2023-09-26,2752.5,2779.5,2718.5,2731.5,3443200
2023-09-27,2685,2732.5,2675.5,2725,2211200
2023-09-28,2700,2724.5,2672,2702.5,2014000
2023-09-29,2719,2734,2676.5,2692.5,2074600
2023-10-02,2707,2719.5,2650.5,2651.5,1956000
2023-10-03,2648,2699,2632.5,2687,2843200
2023-10-04,2692,2712,2652,2678,2483800
2023-10-05,2700.5,2737,2677,2726.5,1975800
2023-10-06,2742.5,2771,2707,2707,1572200
2023-10-10,2747.5,2748.5,2705.5,2736.5,1625400
2023-10-11,2745,2745,2697.5,2710.5,1061000
2023-10-12,2728.5,2749.5,2715,2725.5,1624600
2023-10-13,2741,2751.5,2681,2691.5,1721000
2023-10-16,2662,2675,2628,2643.5,1921800
2023-10-17,2684,2722.5,2667,2688,2060000
2023-10-18,2672.5,2698.5,2653.5,2694,1457400
2023-10-19,2646.5,2681,2610,2620.5,1509000
2023-10-20,2605.5,2664,2601.5,2644,1743800
2023-10-23,2638.5,2658,2624.5,2636.5,1699200
2023-10-24,2671,2704.5,2608,2693.5,2325400
2023-10-25,2697,2721.5,2686,2702,2276000
2023-10-26,2649.5,2671,2633,2641.5,2352600
2023-10-27,2450,2510,2375,2400,9696600
2023-10-30,2400,2401,2303,2345.5,9109600
2023-10-31,2357.5,2445.5,2302.5,2419.5,5249400
2023-11-01,2441,2446,2379,2417,3218400
2023-11-02,2445,2476.5,2428.5,2458,3005000
2023-11-06,2490,2556.5,2482.5,2549.5,3079600
2023-11-07,2560,2585.5,2533.5,2541,1884000
2023-11-08,2543.5,2580,2507.5,2514.5,1957800
2023-11-09,2500,2567,2483,2556.5,1721600
2023-11-10,2553,2556,2509,2540.5,1665600
2023-11-13,2548,2555.5,2504,2519,1467000
2023-11-14,2534.5,2544,2501,2507.5,1115800
2023-11-15,2564.5,2584,2547.5,2564.5,1762200
2023-11-16,2535.5,2570.5,2525,2546.5,1220600
2023-11-17,2559.5,2572.5,2547,2568.5,1117600
2023-11-20,2560,2560.5,2500.5,2523.5,2116000
2023-11-21,2551.5,2574.5,2527,2545,2195600
2023-11-22,2540,2569,2512,2553,1809200
2023-11-24,2568.5,2568.5,2501.5,2514,2022000
2023-11-27,2503.5,2524,2442,2465.5,3156000
2023-11-28,2478,2478,2420,2467,2224200
2023-11-29,2486.5,2487.5,2449.5,2463.5,1944400
2023-11-30,2495.5,2509,2466,2491.5,5123600
2023-12-01,2476,2477.5,2431.5,2466,2231800
2023-12-04,2474.5,2474.5,2427.5,2430.5,1345200
2023-12-05,2417.5,2440,2404,2413.5,1374800
2023-12-06,2427.5,2464.5,2421,2457.5,2042200
2023-12-07,2444,2499.5,2432.5,2483.5,2143400
2023-12-08,2490,2508,2400.5,2414,4287600
2023-12-11,2401,2423,2376,2406.5,2488800
2023-12-12,2417,2427.5,2351,2357.5,1893200
2023-12-13,2352,2355,2316,2331,3345600
2023-12-14,2332.5,2337.5,2226,2265.5,4301000
2023-12-15,2256.5,2319.5,2251.5,2309,3647400
2023-12-18,2300,2319.5,2268,2275,2466000
2023-12-19,2294.5,2337,2272.5,2326.5,2674400
2023-12-20,2349.5,2349.5,2297.5,2297.5,2270800
2023-12-21,2281,2301,2270,2282.5,2207800
2023-12-22,2300,2303.5,2236,2245.5,2808200
2023-12-25,2275,2291,2259,2273,1296200
2023-12-26,2270.5,2280.5,2250,2256,1203200
2023-12-27,2250.5,2302,2250,2297.5,2118400
2023-12-28,2295,2300,2270,2293,750600
2023-12-29,2282.5,2292.5,2263,2278,1432600
2024-01-04,2274.5,2387.5,2255,2379,3045800
2024-01-05,2401,2438.5,2391,2401.5,4101000
2024-01-09,2460,2508,2433.5,2508,4389000
2024-01-10,2528,2663.5,2525,2642,7746400
2024-01-11,2670,2684.5,2640,2673.5,3580200
2024-01-12,2715,2746.5,2682.5,2731,3755200
2024-01-15,2767,2768.5,2719,2763.5,3343800
2024-01-16,2743,2748.5,2659.5,2687.5,3058600
2024-01-17,2723.5,2725,2654.5,2661.5,3032800
2024-01-18,2640.5,2707,2625,2687,2514000
2024-01-19,2746.5,2771.5,2728.5,2734,2427200
2024-01-22,2750,2817,2750,2813,2797200
2024-01-23,2832,2860.5,2807,2819,2424800
2024-01-24,2807.5,2835,2772,2774.5,2715400
2024-01-25,2784.5,2805,2745.5,2786.5,1641400
2024-01-26,2766.5,2786.5,2740,2752.5,1542600
2024-01-29,2758.5,2789,2754.5,2766.5,1483000
2024-01-30,2779.5,2797,2755,2781.5,1963400
2024-01-31,2740.5,2822.5,2726,2822.5,2706800
2024-02-01,2775,2829,2725.5,2758,6222400
2024-02-02,2875.5,2934,2829.5,2878,5445600
2024-02-05,2901.5,2922,2821.5,2841,2026000
2024-02-06,2865,2874,2822,2855,1957800
2024-02-07,2883,2904,2798,2817,1664600
2024-02-08,2855,2909.5,2829,2839.5,2214200
2024-02-09,2824,2860,2806.5,2821.5,1147000
2024-02-13,2860.5,2876.5,2831,2868.5,1346200
2024-02-14,2830,2947,2829.5,2942.5,1984400
2024-02-15,2975,3003,2948.5,2980.5,1521800
2024-02-16,2993.5,3034.5,2972.5,2990,1850600
2024-02-19,2975.5,2986.5,2914,2915,1229600
2024-02-20,2921.5,2939.5,2891.5,2938.5,1314400
2024-02-21,2930,2990.5,2905.5,2989,1400400
2024-02-22,2989,2997.5,2963.5,2979,1215600
2024-02-26,2975,2999.5,2940,2975,1378600
2024-02-27,2971,3032,2968,3005.5,1900000
2024-02-28,2995,3044.5,2969,3007.5,1583000
2024-02-29,2987.5,3025,2979.5,3014.5,2577200
2024-03-01,3030.5,3043,2997,3025,954000
2024-03-04,3020,3039,2978.5,2986,1112800
2024-03-05,2986,3006.5,2935.5,2981,1133000
2024-03-06,2905,2983,2884.5,2983,1981200
2024-03-07,3110,3111.5,3030.5,3084,4716200
2024-03-08,3071,3079.5,2999.5,3017.5,2031400
2024-03-11,3024,3079,2998,3066,1682000
2024-03-12,3018,3056.5,2995,3056.5,1800600
2024-03-13,3047.5,3047.5,2966.5,2976,1879400
2024-03-14,2972.5,3014.5,2935.5,3014.5,2139800
2024-03-15,2980.5,2997,2950,2968,2261600
2024-03-18,2970,3088,2966,3072,2567600
2024-03-19,3036.5,3123,3034,3123,1328800
2024-03-21,3194,3194,3086,3091.5,2411000
2024-03-22,3092.5,3213,3079,3194,3011600
2024-03-25,3205,3213,3005,3010.5,3726600
2024-03-26,2919.5,2982.5,2900.5,2965.5,2633600
2024-03-27,2919,2991,2905.5,2963,2448800
2024-03-28,2951.5,2959,2819,2826,2167300
2024-03-29,2814,2826.5,2766,2795,2383000
2024-04-01,2830,2835,2766,2800,1667500
2024-04-02,2771,2778.5,2671.5,2729.5,2743900
2024-04-03,2727,2865,2726.5,2760,4316500
2024-04-04,2805,2822,2727.5,2733,1753300
2024-04-05,2731.5,2752,2700.5,2722,1510400
2024-04-08,2750,2752.5,2718,2734.5,1184600
2024-04-09,2702,2718.5,2682,2704,1877700
2024-04-10,2700,2700,2648,2664,1628500
2024-04-11,2618,2661,2618,2653.5,1968200
2024-04-12,2646,2709,2637.5,2676,2169000
2024-04-15,2650.5,2664,2610.5,2640.5,2073800
2024-04-16,2598,2658.5,2585.5,2642.5,1565500
2024-04-17,2637.5,2637.5,2571,2598,1562400
2024-04-18,2623,2646,2600,2616,1380400
2024-04-19,2566.5,2575,2456.5,2487.5,3960900
2024-04-22,2504,2530,2487.5,2509.5,1706900
2024-04-23,2510,2524,2473,2484.5,1562500
2024-04-24,2510,2585.5,2490,2562.5,1868000
2024-04-25,2611.5,2680.5,2602,2622.5,3473700
2024-04-26,2628,2656,2596,2619.5,2204200
2024-04-30,2651,2663.5,2590,2621.5,1897300
2024-05-01,2599,2616.5,2570,2605,1494400
2024-05-02,2596.5,2599.5,2550.5,2594,1151200
2024-05-07,2620,2677.5,2601,2669.5,2009100
2024-05-08,2640,2657.5,2595,2595,1310500
2024-05-09,2620.5,2658.5,2611.5,2645.5,1763500
2024-05-10,2636,2746,2581,2669.5,3661900
2024-05-13,2686,2709.5,2652,2658.5,1761000
2024-05-14,2695,2757,2688.5,2731,1885600
2024-05-15,2732.5,2742.5,2654,2675,1303800
2024-05-16,2704,2765,2679.5,2757,1886300
2024-05-17,2765,2790,2728.5,2739.5,1722900
2024-05-20,2719,2744,2696.5,2729.5,1021700
2024-05-21,2750,2754,2682,2687,1070200
2024-05-22,2666.5,2670,2634,2652,1228800
2024-05-23,2702,2706.5,2661.5,2690.5,1261500
2024-05-24,2710,2714.5,2684,2698,1104900
2024-05-27,2695,2719.5,2688.5,2716.5,1275200
2024-05-28,2700,2719.5,2676,2683,1025600
2024-05-29,2688,2743,2688,2730,1627800
2024-05-30,2759,2805,2742.5,2790.5,2388100
2024-05-31,2825,2905,2819,2900,4551500
2024-06-03,2912,2975,2906.5,2972,2706300
2024-06-04,2974,3056,2969.5,3021,2806100
2024-06-05,3035,3060,3017,3060,2510700
2024-06-06,3051,3052,2976.5,3010,1997800
2024-06-07,3000,3013,2977,3000,1220900
2024-06-10,2965.5,2989.5,2932,2976.5,1527900
2024-06-11,2959.5,2965.5,2881,2915,2101000
2024-06-12,2890.5,2893.5,2830,2832.5,2261000
2024-06-13,2870,2884,2843,2845,1685500
2024-06-14,2816.5,2877,2800.5,2876.5,2076600
2024-06-17,2850,2871,2837,2857.5,987400
2024-06-18,2885,2925.5,2878.5,2894.5,1248300
2024-06-19,2937,2944,2886,2907,1025800
2024-06-20,2907,2956.5,2907,2930,1436900
2024-06-21,2932,2954,2886.5,2915,1767600
2024-06-24,2900,2947.5,2890.5,2941.5,1156200
2024-06-25,3011,3042,3002,3029,1880400
2024-06-26,3041,3055,3004,3055,2096200
2024-06-27,3012,3042,3002,3036,1382600
2024-06-28,3079,3093,3012,3033,1455000
2024-07-01,3060,3065,3016,3032,799300
2024-07-02,3040,3103,3039,3098,1345500
2024-07-03,3090,3129,3085,3095,989700
2024-07-04,3100,3111,3065,3081,767900
2024-07-05,3081,3188,3061,3108,2008600
2024-07-08,3102,3160,3080,3141,1283700
2024-07-09,3179,3235,3151,3228,1361000
2024-07-10,3207,3218,3172,3218,1440000
2024-07-11,3210,3297,3204,3297,1587800
2024-07-12,3229,3290,3201,3276,1267800
2024-07-16,3317,3340,3291,3305,1437700
2024-07-17,3301,3315,3254,3284,1339100
2024-07-18,3238,3270,3205,3206,1141100
2024-07-19,3199,3246,3136,3174,1453300
2024-07-22,3175,3186,3089,3114,1280100
2024-07-23,3110,3117,3075,3115,1009600
2024-07-24,3108,3130,3077,3108,1149500
2024-07-25,3064,3064,2970,2990,2092600
2024-07-26,2998.5,3013,2953,2968,1434300
2024-07-29,3009,3143,3007,3132,2057700
2024-07-30,3101,3166,3050,3152,3631700
2024-07-31,3121,3205,3061,3202,1928500
2024-08-01,3137,3152,3028,3048,1344300
2024-08-02,2930,2948,2839,2848.5,1811800
2024-08-05,2665.5,2668.5,2348.5,2356,2793800
2024-08-06,2500,2800,2500,2790,4279300
2024-08-07,2690,2907.5,2672,2836.5,2211400
2024-08-08,2799.5,2893,2744.5,2807,1520200
2024-08-09,2825.5,2936.5,2820.5,2900,1751600
2024-08-13,2895.5,2958.5,2881.5,2956,1243000
2024-08-14,2929,3022,2915.5,2982,1142100
2024-08-15,2979.5,3037,2963,2982.5,1290000
2024-08-16,3062,3074,3001,3053,981400
2024-08-19,3093,3156,3060,3080,1745500
2024-08-20,3120,3175,3097,3125,1359800
2024-08-21,3090,3189,3070,3168,888700
2024-08-22,3137,3219,3133,3181,848100
2024-08-23,3150,3179,2888.5,3069,2704900
2024-08-26,3040,3063,2953.5,3063,2247300
2024-08-27,3045,3078,3024,3064,1197800
2024-08-28,3054,3152,3030,3141,1219600
2024-08-29,3101,3129,3077,3103,917100
2024-08-30,3136,3185,3113,3173,1650300
2024-09-02,3213,3219,3177,3204,1137400
2024-09-03,3212,3274,3211,3274,986600
2024-09-04,3134,3198,3120,3166,1463400
2024-09-05,3111,3207,3100,3180,1326700
2024-09-06,3267,3319,3207,3243,1729500
2024-09-09,3173,3259,3169,3231,1095200
2024-09-10,3290,3345,3256,3319,1575200
2024-09-11,3297,3360,3198,3215,1690400
2024-09-12,3321,3366,3303,3343,1473400
2024-09-13,3309,3322,3182,3221,1662200
2024-09-17,3225,3246,3162,3226,1270600
2024-09-18,3225,3252,3188,3206,1096400
2024-09-19,3252,3288,3244,3269,1069100
2024-09-20,3315,3332,3272,3301,2006700
2024-09-24,3305,3395,3277,3351,1416300
2024-09-25,3363,3383,3284,3302,1652800
2024-09-26,3397,3470,3369,3421,2054100
2024-09-27,3419,3463,3413,3455,1599100
2024-09-30,3283,3350,3276,3328,2204300
2024-10-01,3363,3394,3324,3348,1271400
2024-10-02,3290,3315,3232,3259,1411800
2024-10-03,3358,3362,3283,3335,1063800
2024-10-04,3347,3404,3267,3285,1367500
2024-10-07,3349,3360,3287,3350,1690500
2024-10-08,3280,3316,3227,3251,2509000
2024-10-09,3300,3300,3202,3222,1765400
2024-10-10,3220,3234,3191,3198,1211900
2024-10-11,3218,3233,3198,3218,1176700
2024-10-15,3253,3276,3233,3255,1082900
2024-10-16,3206,3244,3187,3217,1051900
2024-10-17,3236,3259,3202,3250,1115900
2024-10-18,3249,3283,3235,3238,693400
2024-10-21,3251,3284,3233,3278,679900
2024-10-22,3285,3292,3223,3242,892700
2024-10-23,3234,3245,3202,3208,726800
2024-10-24,3198,3240,3170,3235,884200
2024-10-25,3233,3234,3176,3193,770000
2024-10-28,3206,3349,3196,3325,1637000
2024-10-29,3311,3379,3287,3322,2310300
2024-10-30,3252,3309,3105,3141,8896500
2024-10-31,3110,3145,3031,3062,4156800
2024-11-01,3013,3077,3010,3039,2152200
2024-11-05,3042,3112,3015,3112,1945500
2024-11-06,3096,3195,3080,3157,2495100
2024-11-07,3140,3155,3086,3102,1674000
2024-11-08,3166,3255,3140,3237,1995200
2024-11-11,3253,3312,3210,3307,1646900
2024-11-12,3347,3349,3229,3241,1446700
2024-11-13,3230,3454,3216,3440,3189300
2024-11-14,3434,3549,3426,3544,2698800
2024-11-15,3599,3649,3567,3578,3083000
2024-11-18,3574,3591,3461,3468,2006000
2024-11-19,3508,3512,3315,3332,3759000
2024-11-20,3400,3412,3359,3382,1996000
2024-11-21,3352,3427,3351,3402,1811200
2024-11-22,3390,3437,3367,3407,1029300
2024-11-25,3429,3466,3400,3439,1920700
2024-11-26,3409,3448,3360,3410,1467200
2024-11-27,3428,3489,3422,3473,1105300
2024-11-28,3458,3534,3425,3519,752700
2024-11-29,3518,3524,3466,3506,849200
2024-12-02,3513,3527,3475,3510,874400
2024-12-03,3498,3553,3492,3518,1012100
2024-12-04,3508,3608,3476,3548,1092500
2024-12-05,3566,3602,3509,3551,1610200
2024-12-06,3515,3548,3445,3490,1143800
2024-12-09,3530,3539,3481,3499,993100
2024-12-10,3486,3545,3388,3535,2000500
2024-12-11,3508,3545,3479,3539,1078300
2024-12-12,3600,3611,3545,3578,1188800
2024-12-13,3519,3568,3421,3444,2469400
2024-12-16,3420,3451,3365,3438,1702200
2024-12-17,3508,3553,3480,3518,1486700
2024-12-18,3536,3548,3433,3433,1589500
2024-12-19,3397,3464,3391,3437,1130000
2024-12-20,3447,3467,3395,3401,1307000
2024-12-23,3410,3451,3404,3415,738100
2024-12-24,3441,3445,3393,3431,556700
2024-12-25,3427,3431,3372,3404,655800
2024-12-26,3407,3430,3397,3420,721000
2024-12-27,3450,3495,3435,3487,886300
2024-12-30,3500,3516,3473,3474,971800
2025-01-06,3474,3481,3352,3371,1334700
2025-01-07,3412,3438,3379,3398,870000
2025-01-08,3371,3414,3307,3378,1292700
2025-01-09,3381,3405,3311,3368,1054400
2025-01-10,3345,3357,3312,3337,751200
2025-01-14,3350,3355,3278,3292,1190200
2025-01-15,3319,3406,3311,3357,1288200
2025-01-16,3417,3417,3346,3346,978000
2025-01-17,3320,3328,3226,3280,1364900
2025-01-20,3336,3337,3283,3283,763000
2025-01-21,3345,3355,3270,3307,1059700
2025-01-22,3309,3328,3283,3290,1203000
2025-01-23,3332,3372,3308,3308,1546700
2025-01-24,3374,3423,3373,3407,1850500
2025-01-27,3416,3431,3358,3360,1379300
2025-01-28,3304,3508,3301,3481,1860000
2025-01-29,3482,3508,3433,3433,1806000
2025-01-30,3570,3629,3445,3590,3984400
2025-01-31,3590,3634,3538,3557,1765000
2025-02-03,3499,3619,3470,3569,2191500
2025-02-04,3628,3681,3597,3630,1975200
2025-02-05,3671,3759,3667,3740,2467000
2025-02-06,3788,3923,3770,3896,2855400
2025-02-07,3850,3855,3760,3784,2489800
2025-02-12,3824,3836,3728,3836,1960700
2025-02-13,3834,3879,3804,3815,1862200
2025-02-14,3816,3845,3798,3825,1222900
2025-02-17,3825,3857,3811,3822,1226400
2025-02-18,3830,3907,3813,3892,1852500
2025-02-19,3907,3938,3872,3913,1734800
2025-02-20,3890,3936,3838,3882,1610300
2025-02-25,4051,4054,3955,3968,3717600
2025-02-26,3947,3947,3710,3723,4503400
2025-02-27,3740,3799,3695,3732,2610600
2025-02-28,3662,3745,3626,3701,3898700
2025-03-03,3809,3809,3645,3802,5091100
2025-03-04,3732,3788,3660,3765,3340100
2025-03-05,3725,3732,3545,3650,6136500
2025-03-06,3623,3710,3603,3693,3273100
2025-03-07,3565,3628,3511,3520,3200400
2025-03-10,3520,3520,3396,3436,3745400
2025-03-11,3324,3428,3277,3411,3846400
2025-03-12,3440,3495,3434,3435,2301200
2025-03-13,3505,3527,3429,3442,1981700
2025-03-14,3413,3522,3390,3477,1978800
2025-03-17,3519,3537,3480,3490,1272400
2025-03-18,3503,3535,3481,3505,1518800
2025-03-19,3575,3608,3545,3546,2147100
2025-03-21,3565,3691,3551,3666,3253800
